종목코드,종목명,시장,시가총액_0930_억,평균거래대금_5일_억,거래일수,상장주식수,비고
005930,삼성전자,KOSPI,15697258.06,51304.93,5,5846278608,
000660,SK하이닉스,KOSPI,12973544.40,57253.04,5,730492365,
402340,SK스퀘어,KOSPI,1502614.34,7217.75,5,131923998,
009150,삼성전기,KOSPI,1130115.62,9560.17,5,74693696,
373220,LG에너지솔루션,KOSPI,835380.00,889.48,5,234000000,
005380,현대차,KOSPI,701959.40,1739.74,5,203466492,
207940,삼성바이오로직스,KOSPI,643907.13,547.95,5,46290951,
105560,KB금융,KOSPI,598712.89,1399.14,5,354687734,
032830,삼성생명,KOSPI,564000.00,728.86,5,200000000,
028260,삼성물산,KOSPI,553802.29,1135.97,5,162167581,
034020,두산에너빌리티,KOSPI,522697.90,2125.46,5,640561146,
012450,한화에어로스페이스,KOSPI,519243.45,1092.05,5,51563401,
055550,신한지주,KOSPI,498086.70,1099.03,5,469450239,
329180,HD현대중공업,KOSPI,455006.91,710.99,5,104961225,
000270,기아,KOSPI,440385.86,1042.17,5,390412998,
034730,SK,KOSPI,426315.89,784.73,5,72502703,
006400,삼성SDI,KOSPI,415015.48,1579.45,5,80585530,
068270,셀트리온,KOSPI,413360.72,553.24,5,232617176,
086790,하나금융지주,KOSPI,352260.88,883.10,5,270969910,
066570,LG전자,KOSPI,346129.86,1804.56,5,162884638,
012330,현대모비스,KOSPI,329641.55,968.35,5,89820585,
010120,LS ELECTRIC,KOSPI,307500.00,645.63,5,150000000,
035420,NAVER,KOSPI,294606.79,1326.28,5,152094369,
000810,삼성화재,KOSPI,282618.50,472.05,5,44647473,
298040,효성중공업,KOSPI,258569.72,921.17,5,9324548,
316140,우리금융지주,KOSPI,257138.51,649.46,5,736786557,
096770,SK이노베이션,KOSPI,251550.55,1228.64,5,169052788,
042700,한미반도체,KOSPI,244475.79,1204.20,5,95312200,
005490,POSCO홀딩스,KOSPI,242479.07,582.34,5,79241527,
042660,한화오션,KOSPI,241453.75,538.09,5,306413394,
267260,HD현대일렉트릭,KOSPI,238632.03,1039.57,5,36047135,
009540,HD한국조선해양,KOSPI,228951.03,445.34,5,70773116,
010130,고려아연,KOSPI,223340.77,177.72,5,20872969,
000150,두산,KOSPI,221531.66,1096.69,5,16193835,
138040,메리츠금융지주,KOSPI,211359.61,228.91,5,167347273,
011200,HMM,KOSPI,196665.12,125.42,5,943237970,
015760,한국전력,KOSPI,192268.24,364.35,5,641964077,
017670,SK텔레콤,KOSPI,183860.29,518.44,5,214790053,
033780,KT&G,KOSPI,182914.02,484.83,5,103810456,
010950,S-Oil,KOSPI,182046.37,548.62,5,112582792,
196170,알테오젠,KOSDAQ,177272.31,655.78,5,69655133,
051910,LG화학,KOSPI,177186.78,474.05,5,70592343,
010140,삼성중공업,KOSPI,173360.00,605.05,5,880000000,
018260,삼성에스디에스,KOSPI,169457.38,237.94,5,77377800,
006800,미래에셋증권,KOSPI,168065.02,315.62,5,543021051,
003550,LG,KOSPI,167520.74,228.14,5,151192004,
024110,기업은행,KOSPI,161080.03,195.11,5,797425869,
267250,HD현대,KOSPI,159961.00,286.16,5,78993085,
003670,포스코퓨처엠,KOSPI,159035.84,653.53,5,88946220,
079550,LIG디펜스앤에어로스페이스,KOSPI,150040.00,384.59,5,22000000,
035720,카카오,KOSPI,148626.47,409.10,5,442999903,
086280,현대글로비스,KOSPI,147600.00,298.58,5,75000000,
272210,한화시스템,KOSPI,141689.54,429.69,5,188919389,
278470,에이피알,KOSPI,137023.65,626.26,5,37438155,
011070,LG이노텍,KOSPI,133482.48,1469.33,5,23667107,
030200,KT,KOSPI,131807.34,138.24,5,252021685,
000720,현대건설,KOSPI,130843.02,947.24,5,111355765,
047810,한국항공우주,KOSPI,123013.59,213.38,5,97475107,
064350,현대로템,KOSPI,121802.80,416.87,5,109142293,
005830,DB손해보험,KOSPI,121175.65,325.07,5,65500349,
003490,대한항공,KOSPI,117830.59,1176.35,5,368220609,
086520,에코프로,KOSDAQ,109435.58,402.08,5,135776152,
036930,주성엔지니어링,KOSDAQ,108068.61,2137.13,5,46481121,
247540,에코프로비엠,KOSDAQ,106733.00,405.78,5,97830434,
443060,HD현대마린솔루션,KOSPI,106703.63,137.42,5,44833460,
307950,현대오토에버,KOSPI,101331.61,199.13,5,27423982,
047050,포스코인터내셔널,KOSPI,100100.07,270.27,5,175922788,
078930,GS,KOSPI,99583.97,413.01,5,92895495,
071050,한국금융지주,KOSPI,98635.01,339.37,5,55725992,
006260,LS,KOSPI,96252.00,298.41,5,31200000,
005940,NH투자증권,KOSPI,95993.59,118.37,5,369206105,
323410,카카오뱅크,KOSPI,94899.25,170.10,5,477120437,
000500,가온전선,KOSPI,93799.46,619.41,5,29777607,
028050,삼성E&A,KOSPI,93492.00,870.75,5,196000000,
003230,삼양식품,KOSPI,91375.47,462.83,5,7533015,
259960,크래프톤,KOSPI,89490.65,150.75,5,45916188,
180640,한진칼,KOSPI,88393.25,97.60,5,66762275,
0126Z0,삼성에피스홀딩스,KOSPI,86095.35,111.51,5,24883049,
007660,이수페타시스,KOSPI,84494.01,895.45,5,73409219,
277810,레인보우로보틱스,KOSDAQ,81091.41,200.80,5,19399858,
090430,아모레퍼시픽,KOSPI,80953.98,255.86,5,58492759,
016360,삼성증권,KOSPI,78941.20,313.76,5,89300000,
009830,한화솔루션,KOSPI,76238.57,1832.81,5,224892536,
161390,한국타이어앤테크놀로지,KOSPI,73086.29,154.74,5,123875069,
047040,대우건설,KOSPI,72895.01,1705.41,5,410907638,
021240,코웨이,KOSPI,70342.82,170.80,5,70767426,
352820,하이브,KOSPI,67505.31,368.56,5,43106836,
000880,한화,KOSPI,66927.77,114.27,5,53328897,
064400,LG씨엔에스,KOSPI,66657.53,334.25,5,96885948,
039490,키움증권,KOSPI,65964.21,177.27,5,26228316,
353200,대덕전자,KOSPI,65477.43,1999.02,5,49416925,
062040,산일전기,KOSPI,65116.06,396.61,5,30642850,
240810,원익IPS,KOSDAQ,64545.33,1847.11,5,49083901,
039030,이오테크닉스,KOSDAQ,64061.66,416.58,5,12319550,
128940,한미약품,KOSPI,63926.85,401.41,5,12810991,
032640,LG유플러스,KOSPI,61669.35,125.00,5,424427732,
000990,DB하이텍,KOSPI,59427.27,773.00,5,43504588,
267270,HD건설기계,KOSPI,58659.27,325.90,5,47497386,
326030,SK바이오팜,KOSPI,58265.06,67.92,5,78313250,
001440,대한전선,KOSPI,58111.80,1156.85,5,195992596,
222800,심텍,KOSDAQ,57842.24,1204.53,5,38484526,
058470,리노공업,KOSDAQ,55939.50,760.20,5,76211850,
028300,HLB,KOSDAQ,55144.06,861.11,5,133198223,
175330,JB금융지주,KOSPI,54277.85,125.20,5,186521824,
377300,카카오페이,KOSPI,53917.30,72.13,5,135300622,
000100,유한양행,KOSPI,53592.29,139.42,5,73615781,
403870,HPSP,KOSDAQ,52425.10,1502.25,5,82300000,
241560,두산밥캣,KOSPI,52337.41,107.42,5,95856065,
011790,SKC,KOSPI,49251.11,186.80,5,49598298,
029780,삼성카드,KOSPI,48892.45,51.49,5,115858891,
138930,BNK금융지주,KOSPI,48848.89,134.55,5,306839751,
052690,한전기술,KOSPI,46857.72,855.75,5,38220000,
088350,한화생명,KOSPI,46292.65,181.67,5,868530000,
066970,엘앤에프,KOSPI,45609.21,439.42,5,40686184,
095340,ISC,KOSDAQ,45255.72,302.69,5,21197058,
036570,NC,KOSPI,45027.01,194.90,5,21544022,
454910,두산로보틱스,KOSPI,44466.51,176.07,5,64819980,
319660,피에스케이,KOSDAQ,43015.57,445.62,5,28966714,
271560,오리온,KOSPI,42256.27,93.28,5,39528788,
108490,로보티즈,KOSDAQ,41947.70,610.96,5,14667028,
010060,OCI홀딩스,KOSPI,41727.97,794.55,5,18670232,
034220,LG디스플레이,KOSPI,41650.00,255.00,5,500000000,
440110,파두,KOSDAQ,40940.71,612.79,5,50111027,
082740,한화엔진,KOSPI,40889.10,303.30,5,83447142,
001450,현대해상,KOSPI,40791.29,212.44,5,85248250,
000250,삼천당제약,KOSDAQ,40534.51,134.04,5,23457472,
002380,KCC,KOSPI,40429.58,86.55,5,8592896,
051900,LG생활건강,KOSPI,40284.16,192.89,5,14975523,
004020,현대제철,KOSPI,40033.74,272.24,5,133445785,
103590,일진전기,KOSPI,39340.45,488.49,5,47685390,
001040,CJ,KOSPI,39155.53,135.71,5,29176998,
031980,피에스케이홀딩스,KOSDAQ,38510.44,233.50,5,21562395,
084370,유진테크,KOSDAQ,38407.29,278.44,5,22916042,
018880,한온시스템,KOSPI,36124.05,245.79,5,1026251342,
008930,한미사이언스,KOSPI,36110.74,54.21,5,68391550,
161890,한국콜마,KOSPI,34463.41,317.10,5,23605077,
064760,티씨케이,KOSDAQ,34041.32,154.55,5,11179416,
095610,테스,KOSDAQ,32466.72,449.75,5,19360000,
214450,파마리서치,KOSDAQ,32259.86,206.65,5,10389648,
036460,한국가스공사,KOSPI,32124.92,47.49,5,92313000,
131290,티에스이,KOSDAQ,31967.53,239.54,5,11061429,
004170,신세계,KOSPI,31783.03,190.07,5,9445181,
357780,솔브레인,KOSDAQ,31736.55,209.52,5,7778566,
067310,하나마이크론,KOSDAQ,31483.43,889.42,5,66490869,
012750,에스원,KOSPI,31387.32,48.62,5,37999178,
028670,팬오션,KOSPI,30844.66,118.80,5,534569512,
087010,펩트론,KOSDAQ,30685.63,219.18,5,23317350,
035250,강원랜드,KOSPI,30507.92,34.16,5,213940500,
111770,영원무역,KOSPI,30486.29,40.23,5,44311468,
192820,코스맥스,KOSPI,30303.19,178.53,5,11349509,
022100,포스코DX,KOSPI,30270.11,39.37,5,152034729,
375500,DL이앤씨,KOSPI,30103.64,253.37,5,38693623,
336260,두산퓨얼셀,KOSPI,29832.39,309.61,5,65493726,
141080,리가켐바이오,KOSDAQ,29541.50,127.19,5,37019418,
006360,GS건설,KOSPI,29054.92,511.46,5,85581490,
011780,금호석유화학,KOSPI,29006.40,68.40,5,25157325,
139130,iM금융지주,KOSPI,28932.99,77.43,5,158363408,
023530,롯데쇼핑,KOSPI,28684.80,103.28,5,28288755,
251270,넷마블,KOSPI,28606.50,37.80,5,83158425,
017800,현대엘리베이터,KOSPI,28537.44,55.85,5,39092385,
007340,DN오토모티브,KOSPI,28494.79,72.38,5,58510865,
014680,한솔케미칼,KOSPI,27902.58,161.92,5,10794036,
298380,에이비엘바이오,KOSDAQ,27153.92,195.64,5,55987463,
080220,제주반도체,KOSDAQ,26968.74,763.39,5,34442833,
097950,CJ제일제당,KOSPI,26946.99,84.80,5,15054186,
383220,F&F,KOSPI,26278.65,26.55,5,38307075,
010170,대한광통신,KOSDAQ,25935.01,1481.05,5,155485660,
003690,코리안리,KOSPI,25783.60,32.62,5,176721031,
011170,롯데케미칼,KOSPI,25665.25,79.65,5,42775419,
489790,한화비전,KOSPI,25446.15,85.68,5,50488390,
257720,실리콘투,KOSDAQ,25017.34,240.47,5,65576252,
310210,보로노이,KOSDAQ,24908.96,103.76,5,18616563,
450080,에코프로머티,KOSPI,24643.23,106.52,5,70813870,
004370,농심,KOSPI,24543.46,70.15,5,6082642,
178320,서진시스템,KOSDAQ,24469.82,642.04,5,63723489,
005290,동진쎄미켐,KOSDAQ,24287.27,290.91,5,50970126,
457190,이수스페셜티케미컬,KOSPI,24084.44,282.11,5,30218872,
005440,현대지에프홀딩스,KOSPI,23493.18,49.30,5,183397199,
483650,달바글로벌,KOSPI,23375.69,209.64,5,12527165,
226950,올릭스,KOSDAQ,23319.30,166.10,5,22750539,
009420,한올바이오파마,KOSPI,23038.12,105.72,5,52240638,
005850,에스엘,KOSPI,22899.12,35.36,5,46448520,
319400,현대무벡스,KOSDAQ,22665.02,144.93,5,111376039,
145020,휴젤,KOSDAQ,22489.77,180.93,5,12515173,
282330,BGF리테일,KOSPI,22469.08,48.52,5,17283906,
140410,메지온,KOSDAQ,22323.20,89.55,5,30621674,
020150,롯데에너지머티리얼즈,KOSPI,21993.49,90.55,5,52365463,
103140,풍산,KOSPI,21746.84,51.89,5,28024278,
030000,제일기획,KOSPI,21558.73,71.62,5,115041225,
112610,씨에스윈드,KOSPI,21465.24,158.09,5,42171403,
058610,에스피지,KOSDAQ,21445.51,185.85,5,22177360,
204320,HL만도,KOSPI,21435.93,106.93,5,46957120,
032820,우리기술,KOSDAQ,21252.51,390.27,5,172784612,
098460,고영,KOSDAQ,21109.20,326.46,5,68204213,
263750,펄어비스,KOSDAQ,20801.33,68.56,5,62843910,
030530,원익홀딩스,KOSDAQ,20390.83,603.62,5,77237981,
043260,성호전자,KOSDAQ,19957.01,1025.80,5,75451848,
081660,미스토홀딩스,KOSPI,19909.44,41.92,5,53091840,
139480,이마트,KOSPI,19731.01,57.42,5,27595819,
051600,한전KPS,KOSPI,19665.00,53.44,5,45000000,
069960,현대백화점,KOSPI,19322.16,100.68,5,21564912,
347850,디앤디파마텍,KOSDAQ,19249.41,213.89,5,45996189,
089030,테크윙,KOSDAQ,19230.84,336.44,5,37053645,
140860,파크시스템스,KOSDAQ,19221.78,88.89,5,7002469,
073240,금호타이어,KOSPI,19160.26,86.18,5,287260287,
237690,에스티팜,KOSDAQ,19143.88,53.94,5,20876638,
229640,LS에코에너지,KOSPI,18987.42,177.74,5,30624879,
131970,두산테스나,KOSDAQ,18882.71,250.02,5,19327238,
007070,GS리테일,KOSPI,18769.86,29.65,5,83607415,
041510,에스엠,KOSDAQ,18659.17,87.43,5,22894690,
083650,비에이치아이,KOSDAQ,18566.63,222.39,5,30944375,
007810,코리아써키트,KOSPI,17819.09,980.92,5,23982620,
323280,태성,KOSDAQ,17803.64,279.36,5,30537980,
181710,NHN,KOSPI,17780.93,81.96,5,32328965,
036540,SFA반도체,KOSDAQ,17728.82,728.34,5,164460303,
183300,코미코,KOSDAQ,17489.20,156.09,5,51363275,
281820,케이씨텍,KOSPI,17403.02,173.32,5,19798661,
068760,셀트리온제약,KOSDAQ,16917.29,30.42,5,44402332,
060370,LS마린솔루션,KOSDAQ,16820.91,48.21,5,52238854,
475150,SK이터닉스,KOSPI,16812.07,329.75,5,34067004,
001120,LX인터내셔널,KOSPI,16783.08,39.87,5,38760000,
089970,브이엠,KOSDAQ,16585.86,411.16,5,26326765,
096530,씨젠,KOSDAQ,16567.35,92.57,5,46734402,
120110,코오롱인더,KOSPI,16500.26,65.15,5,29946032,
071970,HD현대마린엔진,KOSPI,16485.85,94.27,5,33921495,
001430,세아베스틸지주,KOSPI,16120.02,60.71,5,35862119,
420770,기가비스,KOSDAQ,16110.89,202.29,5,12675758,
093370,후성,KOSPI,16088.30,711.26,5,107255330,
437730,삼현,KOSDAQ,15679.39,176.35,5,31707567,
007390,네이처셀,KOSDAQ,15561.07,45.11,5,64435056,
218410,RFHIC,KOSDAQ,15546.63,198.16,5,26575442,
001820,삼화콘덴서,KOSPI,15509.34,1520.35,5,10395000,
008770,호텔신라,KOSPI,15444.14,54.73,5,39248121,
294870,IPARK현대산업개발,KOSPI,15290.50,37.04,5,65907330,
078600,대주전자재료,KOSDAQ,14824.71,142.26,5,15704138,
322000,HD현대에너지솔루션,KOSPI,14369.60,391.05,5,11200000,
005070,코스모신소재,KOSPI,14365.30,74.48,5,33214571,
361610,SK아이이테크놀로지,KOSPI,14190.06,67.41,5,81787100,
011210,현대위아,KOSPI,14168.64,26.36,5,27195083,
290650,엘앤씨바이오,KOSDAQ,13970.31,77.48,5,26969704,
039200,오스코텍,KOSDAQ,13639.04,29.50,5,38258176,
035900,JYP Ent.,KOSDAQ,13342.45,52.54,5,35532492,
097230,HJ중공업,KOSPI,13228.27,40.99,5,90295344,
950160,코오롱티슈진,KOSDAQ,13051.42,113.79,5,84970160,외국기업
204270,제이앤티씨,KOSDAQ,12871.28,296.65,5,57848466,
950260,인제니아테라퓨틱스(Reg.S),KOSDAQ,12855.60,666.17,5,49444607,외국기업
082920,비츠로셀,KOSDAQ,12706.76,53.72,5,45139477,
001740,SK네트웍스,KOSPI,12456.88,41.83,5,200593889,
241710,코스메카코리아,KOSDAQ,12153.84,131.71,5,10680000,
003380,하림지주,KOSDAQ,12096.61,30.51,5,112005621,
298020,효성티앤씨,KOSPI,12074.23,56.40,5,4327682,
232140,와이씨,KOSDAQ,11986.83,457.43,5,82045350,
252990,샘씨엔에스,KOSDAQ,11887.01,141.37,5,60217889,
166090,하나머티리얼즈,KOSDAQ,11866.60,57.87,5,19777674,
006120,SK디스커버리,KOSPI,11423.42,25.08,5,17413751,
347700,스피어,KOSDAQ,11392.85,243.21,5,51551362,
127120,제이에스링크,KOSDAQ,11324.87,62.87,5,37191690,
195940,HK이노엔,KOSDAQ,11076.99,31.66,5,28329891,
356860,티엘비,KOSDAQ,10819.63,436.74,5,23701260,
195870,해성디에스,KOSPI,10523.00,118.46,5,17000000,
003160,디아이,KOSPI,10386.10,187.14,5,28300000,
017960,한국카본,KOSPI,10361.14,26.11,5,51676486,
003570,SNT다이내믹스,KOSPI,10275.08,77.40,5,33252697,
056190,SFA,KOSDAQ,10269.91,26.39,5,35908760,
006340,대원전선,KOSPI,10186.03,357.46,5,78414416,
445680,큐리옥스바이오시스템즈,KOSDAQ,9886.98,42.07,5,17224699,
458870,씨어스,KOSDAQ,9835.59,71.60,5,38345362,
293490,카카오게임즈,KOSDAQ,9831.24,27.19,5,106745265,
086450,동국제약,KOSDAQ,9724.54,93.01,5,45230420,
101490,에스앤에스텍,KOSDAQ,9632.70,82.89,5,21334879,
003530,한화투자증권,KOSPI,9547.38,63.94,5,214547775,
417200,LS머트리얼즈,KOSDAQ,9410.48,209.96,5,67652659,
119850,지엔씨에너지,KOSDAQ,9408.78,242.37,5,16448909,
083450,GST,KOSDAQ,9399.30,79.45,5,18430000,
161580,필옵틱스,KOSDAQ,9247.97,278.31,5,23442247,
006110,삼아알미늄,KOSPI,9240.43,75.40,5,15123455,
032350,롯데관광개발,KOSPI,9208.29,25.03,5,79725458,
100790,미래에셋벤처투자,KOSDAQ,9009.25,70.97,5,53120578,
327260,RF머트리얼즈,KOSDAQ,8858.80,431.87,5,17987408,
077970,STX엔진,KOSPI,8832.57,28.70,5,40148063,
160190,하이젠알앤엠,KOSDAQ,8694.97,50.27,5,30888000,
388210,씨엠티엑스,KOSDAQ,8553.83,69.39,5,9654438,
000370,한화손해보험,KOSPI,8521.94,47.45,5,116738915,
053800,안랩,KOSDAQ,8389.39,77.17,5,11126506,
031330,에스에이엠티,KOSDAQ,8329.59,35.27,5,99995067,
099320,쎄트렉아이,KOSDAQ,8257.26,49.70,5,10951278,
014620,성광벤드,KOSDAQ,8192.95,50.78,5,26557364,
328130,루닛,KOSDAQ,8108.50,205.16,5,74458180,
074600,원익QnC,KOSDAQ,8030.98,61.04,5,26288000,
122870,와이지엔터테인먼트,KOSDAQ,8018.46,43.95,5,18691049,
032500,케이엠더블유,KOSDAQ,7932.04,33.10,5,42191701,
425420,티에프이,KOSDAQ,7889.85,110.85,5,12347181,
059090,미코,KOSDAQ,7752.69,129.21,5,33416778,
491000,리브스메드,KOSDAQ,7740.74,36.81,5,25255271,
033100,제룡전기,KOSDAQ,7645.71,28.99,5,16062409,
499790,GS피앤엘,KOSPI,7615.04,26.16,5,19830841,
251970,펌텍코리아,KOSDAQ,7601.20,39.17,5,12400000,
000670,영풍,KOSPI,7594.41,36.79,5,18410683,
044490,태웅,KOSDAQ,7592.80,83.80,5,20007381,
005180,빙그레,KOSPI,7577.42,38.74,5,8841801,
281740,레이크머티리얼즈,KOSDAQ,7559.01,57.04,5,65730548,
295310,에이치브이엠,KOSDAQ,7431.26,120.55,5,12426862,
033790,피노,KOSDAQ,7390.65,140.30,5,83321887,
090360,로보스타,KOSDAQ,7341.75,56.09,5,9750000,
100840,SNT에너지,KOSPI,7341.25,87.74,5,19761108,
053610,프로텍,KOSDAQ,7308.00,43.15,5,9000000,
100090,SK오션플랜트,KOSPI,7297.45,41.76,5,62478129,
005690,파미셀,KOSPI,7296.49,118.48,5,60004014,
122640,예스티,KOSDAQ,7274.85,100.70,5,21651325,
090710,휴림로봇,KOSDAQ,7245.28,79.73,5,119559029,
213420,덕산네오룩스,KOSDAQ,7201.04,28.75,5,24831179,
023160,태광,KOSDAQ,7165.23,50.86,5,25867242,
189300,인텔리안테크,KOSDAQ,7118.96,30.34,5,10737497,
041830,인바디,KOSDAQ,7090.94,40.14,5,13480882,
171090,선익시스템,KOSDAQ,7058.96,31.55,5,10127626,
064960,SNT모티브,KOSPI,7006.63,26.83,5,26540272,
137400,피엔티,KOSDAQ,7000.61,35.45,5,23690728,
064290,인텍플러스,KOSDAQ,6971.18,221.19,5,12957578,
476060,온코닉테라퓨틱스,KOSDAQ,6970.10,47.95,5,45407840,
005090,SGC에너지,KOSPI,6916.48,48.26,5,14409333,
090460,비에이치,KOSPI,6894.01,122.85,5,33711538,
466100,클로봇,KOSDAQ,6887.21,38.75,5,30953739,
121600,나노신소재,KOSDAQ,6830.04,38.26,5,12262191,
006730,서부T&D,KOSDAQ,6806.93,37.39,5,64276923,
033640,네패스,KOSDAQ,6767.88,69.52,5,23059202,
036810,에프에스티,KOSDAQ,6754.73,37.77,5,21649789,
476830,알지노믹스,KOSDAQ,6747.33,66.23,5,28055436,
102710,이엔에프테크놀로지,KOSDAQ,6736.71,33.53,5,14287836,
124500,아이티센글로벌,KOSDAQ,6659.70,37.40,5,23204527,
048410,현대바이오,KOSDAQ,6658.88,54.81,5,96505572,
126340,비나텍,KOSDAQ,6641.88,137.65,5,7180414,
092870,엑시콘,KOSDAQ,6394.89,256.42,5,13050797,
490470,세미파이브,KOSDAQ,6216.45,515.86,5,34025440,
222080,SFA넥셀,KOSDAQ,6121.30,36.10,5,77780144,
077360,덕산하이메탈,KOSDAQ,6097.65,145.62,5,45437002,
046890,서울반도체,KOSDAQ,6040.44,55.96,5,58305400,
456160,지투지바이오,KOSDAQ,5878.50,49.61,5,16629426,
253590,네오셈,KOSDAQ,5878.47,156.49,5,43869164,
004710,한솔테크닉스,KOSPI,5829.48,129.71,5,53043517,
219130,타이거일렉,KOSDAQ,5796.52,35.61,5,6314290,
050890,쏠리드,KOSDAQ,5777.95,102.82,5,60756534,
468530,프로티나,KOSDAQ,5763.57,129.50,5,11105148,
006650,대한유화,KOSPI,5752.50,35.48,5,6500000,
452260,한화갤러리아,KOSPI,5631.62,37.54,5,193859610,
144960,뉴파워프라즈마,KOSDAQ,5610.13,143.85,5,43692624,
397030,에이프릴바이오,KOSDAQ,5566.87,42.13,5,27558782,
017900,광전자,KOSPI,5539.42,209.89,5,57943763,
089890,코세스,KOSDAQ,5464.74,65.90,5,16584962,
399720,가온칩스,KOSDAQ,5407.63,76.32,5,11858844,
001510,SK증권,KOSPI,5250.40,41.98,5,231295085,
192650,드림텍,KOSPI,5238.00,104.02,5,65886829,
080580,오킨스전자,KOSDAQ,5198.92,142.33,5,21090955,
356680,엑스게이트,KOSDAQ,5194.92,1188.97,5,28543492,
024850,HLB이노베이션,KOSDAQ,5147.69,137.06,5,31775844,
104830,원익머트리얼즈,KOSDAQ,5087.33,41.68,5,12608000,
187660,페니트리움바이오,KOSDAQ,4925.40,70.91,5,63966253,
003030,세아제강지주,KOSPI,4870.59,31.52,5,4141657,
078350,한양디지텍,KOSDAQ,4870.58,123.84,5,15244382,
0220W0,한화머시너리앤서비스홀딩스,KOSPI,4825.84,103.40,5,84515535,
475830,오름테라퓨틱,KOSDAQ,4818.27,175.38,5,21752916,
067630,HLB생명과학,KOSDAQ,4791.34,94.82,5,121917058,
019210,와이지-원,KOSDAQ,4727.32,67.86,5,37193728,
025980,아난티,KOSDAQ,4699.64,98.48,5,97300990,
348340,뉴로메카,KOSDAQ,4669.98,55.07,5,23408424,
376900,로킷헬스케어,KOSDAQ,4649.17,48.95,5,17445290,
098120,마이크로컨텍솔,KOSDAQ,4638.52,89.80,5,8312766,
069540,빛과전자,KOSDAQ,4637.27,212.82,5,112691897,
002990,금호건설,KOSPI,4582.98,150.84,5,37259974,
041190,우리기술투자,KOSDAQ,4580.52,208.78,5,79800000,
027360,아주IB투자,KOSDAQ,4530.84,94.23,5,121145406,
020000,한섬,KOSPI,4510.17,40.02,5,21476994,
042000,카페24,KOSDAQ,4504.39,76.28,5,24178169,
348370,엔켐,KOSDAQ,4502.71,36.97,5,21910994,
174900,앱클론,KOSDAQ,4459.30,36.85,5,19952129,
078340,컴투스,KOSDAQ,4437.51,33.73,5,12091313,
056080,유진로봇,KOSDAQ,4416.20,34.11,5,38235486,
089010,켐트로닉스,KOSDAQ,4368.59,62.56,5,16770027,
170920,엘티씨,KOSDAQ,4352.42,95.40,5,10564126,
003280,흥아해운,KOSPI,4351.69,43.75,5,240424899,
290550,디케이티,KOSDAQ,4310.27,62.99,5,20001230,
417840,저스템,KOSDAQ,4261.20,233.18,5,22946681,
125490,한라캐스트,KOSDAQ,4248.87,143.52,5,36502352,
486990,노타,KOSDAQ,4231.42,253.39,5,21392430,
033160,엠케이전자,KOSDAQ,4215.19,184.26,5,24564058,
114810,한솔아이원스,KOSDAQ,4193.33,41.50,5,28143174,
332570,PS일렉트로닉스,KOSDAQ,4102.50,135.27,5,45940603,
200470,에이팩트,KOSDAQ,4084.36,110.83,5,43823556,
204620,글로벌텍스프리,KOSDAQ,4041.29,26.90,5,70283330,
079370,제우스,KOSDAQ,4013.60,122.83,5,31016990,
0035S0,빅웨이브로보틱스,KOSDAQ,3990.05,5502.33,2,10270411,5일 미만
130660,한전산업,KOSPI,3980.46,38.08,5,32600000,
441270,파인엠텍,KOSDAQ,3941.66,64.11,5,42292525,
159010,아스플로,KOSDAQ,3913.75,96.32,5,13334739,
047920,HLB제약,KOSDAQ,3860.48,217.45,5,32799356,
317400,자이에스앤디,KOSPI,3804.57,70.20,5,38782520,
477850,마키나락스,KOSDAQ,3772.88,122.84,5,17754736,
012030,DB,KOSPI,3759.94,37.70,5,201173933,
486510,글로벌테크놀로지,KOSDAQ,3752.41,9064.55,2,19646144,5일 미만
092790,넥스틸,KOSPI,3744.29,134.74,5,26002000,
107640,한중엔시에스,KOSDAQ,3734.76,27.41,5,9064946,
330860,네패스아크,KOSDAQ,3716.13,63.01,5,12184045,
002710,TCC스틸,KOSPI,3675.16,108.21,5,26213697,
011930,신성이엔지,KOSPI,3616.53,39.23,5,20306182,
039440,에스티아이,KOSDAQ,3566.62,27.60,5,15507047,
006910,보성파워텍,KOSDAQ,3522.61,52.41,5,49129824,
138080,오이솔루션,KOSDAQ,3521.47,108.08,5,12377758,
386380,스카이랩스,KOSDAQ,3461.58,703.59,5,18761977,
052710,아모텍,KOSDAQ,3439.14,207.15,5,18680800,
003350,한국화장품제조,KOSPI,3405.80,103.29,5,22660000,
266690,덕산넵코어스,KOSDAQ,3397.12,9805.02,1,18893889,5일 미만
456010,아이씨티케이,KOSDAQ,3342.79,338.29,5,14502350,
117730,티로보틱스,KOSDAQ,3340.85,38.21,5,22558043,
064260,다날,KOSDAQ,3283.01,35.65,5,75645457,
217590,티엠씨,KOSPI,3267.18,90.71,5,24094225,
046970,우리로,KOSDAQ,3251.81,292.77,5,43824999,
446540,메가터치,KOSDAQ,3233.60,136.00,5,29079111,
452430,사피엔반도체,KOSDAQ,3203.10,29.40,5,8255421,
036200,유니셈,KOSDAQ,3143.08,40.42,5,30664223,
020120,키다리스튜디오,KOSPI,3120.77,39.03,5,37063766,
425040,티이엠씨,KOSDAQ,3115.24,219.09,5,21922898,
234340,헥토파이낸셜,KOSDAQ,3101.49,70.46,5,13970656,
482630,삼양엔씨켐,KOSDAQ,3084.06,25.21,5,21888280,
424870,이뮨온시아,KOSDAQ,3052.84,95.24,5,91402269,
086390,유니테스트,KOSDAQ,2969.34,32.99,5,21134126,
160980,싸이맥스,KOSDAQ,2960.47,26.15,5,10924243,
005950,이수화학,KOSPI,2923.91,32.30,5,26294169,
044450,KSS해운,KOSPI,2844.77,52.62,5,22577525,
012210,삼미금속,KOSDAQ,2809.99,1020.48,5,23051579,
042370,비츠로테크,KOSDAQ,2785.06,160.68,5,26200025,
203650,드림시큐리티,KOSDAQ,2761.28,185.85,5,101704484,
389500,에스비비테크,KOSDAQ,2745.35,37.17,5,6663472,
105840,우진,KOSPI,2724.67,43.54,5,20197670,
024840,KBI메탈,KOSDAQ,2703.61,206.55,5,43466367,
004310,현대약품,KOSPI,2688.00,172.62,5,32000000,
091580,상신이디피,KOSDAQ,2685.64,39.73,5,13328219,
098070,한텍,KOSDAQ,2680.19,36.45,5,11121141,
314130,지놈앤컴퍼니,KOSDAQ,2667.27,38.66,5,52299425,
094360,칩스앤미디어,KOSDAQ,2660.87,33.21,5,21355274,
294570,쿠콘,KOSDAQ,2633.94,26.95,5,10091732,
032580,피델릭스,KOSDAQ,2624.06,81.59,5,33132064,
010580,에스엠벡셀,KOSPI,2619.98,51.15,5,111251760,
068930,디지털대성,KOSDAQ,2598.71,26.87,5,27675342,
354320,알멕,KOSDAQ,2598.10,56.66,5,6391381,
452280,한선엔지니어링,KOSDAQ,2575.34,142.29,5,19247670,
112290,와이씨켐,KOSDAQ,2501.35,40.68,5,20221090,
493280,아이엠바이오로직스,KOSDAQ,2445.13,37.56,5,14845961,
439960,코스모로보틱스,KOSDAQ,2440.29,80.05,5,32450626,
115450,HLB테라퓨틱스,KOSDAQ,2414.42,27.03,5,94683294,
036710,심텍홀딩스,KOSDAQ,2382.53,31.75,5,52827754,
005010,휴스틸,KOSPI,2359.90,59.78,5,56188075,
053690,한미글로벌,KOSPI,2301.09,26.57,5,10957550,
085910,네오티스,KOSDAQ,2266.49,62.61,5,13794818,
025560,미래산업,KOSPI,2263.96,62.40,5,27778678,
416180,신성에스티,KOSDAQ,2255.42,25.33,5,9039778,
256840,한국비엔씨,KOSDAQ,2229.67,367.40,5,68394886,
382900,범한퓨얼셀,KOSDAQ,2185.87,34.60,5,8761000,
077500,유니퀘스트,KOSPI,2177.29,56.30,5,21600102,
0161M0,네오사피엔스,KOSDAQ,2117.01,1792.45,5,12215845,
0010S0,와이즈플래닛컴퍼니,KOSDAQ,2114.23,3713.09,4,10020030,5일 미만
125020,티씨머티리얼즈,KOSDAQ,2102.31,32.41,5,35038550,
045390,대아티아이,KOSDAQ,2089.54,33.56,5,70473377,
078150,HB테크놀러지,KOSDAQ,2074.04,52.93,5,94921798,
394800,쓰리빌리언,KOSDAQ,2049.37,154.25,5,31822553,
340450,지씨지놈,KOSDAQ,2048.16,72.61,5,23650793,
462860,더즌,KOSDAQ,2038.21,52.02,5,71768103,
126730,코칩,KOSDAQ,2034.67,81.72,5,8770126,
382800,지앤비에스 에코,KOSDAQ,1900.31,68.31,5,31831041,
123330,제닉,KOSDAQ,1864.67,37.91,5,7968680,
388050,지투파워,KOSDAQ,1859.72,92.46,5,18709437,
005160,동국산업,KOSDAQ,1833.46,120.69,5,54244482,
417030,니어스랩,KOSDAQ,1825.71,95.73,5,5777556,
290690,아리바이오홀딩스,KOSDAQ,1817.74,66.65,5,53072805,
163730,핑거,KOSDAQ,1797.41,36.23,5,12765717,
024060,흥구석유,KOSDAQ,1795.50,158.56,5,15000000,
046120,오르비텍,KOSDAQ,1760.48,39.08,5,33855433,
355150,코스텍시스,KOSDAQ,1754.40,27.61,5,7797350,
263860,지니언스,KOSDAQ,1752.36,47.58,5,9079600,
039860,나노엔텍,KOSDAQ,1727.52,31.77,5,38093053,
274090,켄코아에어로스페이스,KOSDAQ,1708.00,208.97,5,13774207,
255220,SG,KOSDAQ,1677.28,41.07,5,150563302,
067290,JW신약,KOSDAQ,1667.10,147.23,5,56037103,
149950,아바텍,KOSDAQ,1622.36,25.26,5,13667703,
032940,원익,KOSDAQ,1621.01,37.30,5,18193181,
052260,현대바이오랜드,KOSDAQ,1620.00,351.42,5,30000000,
267320,나인테크,KOSDAQ,1619.11,232.72,5,57415295,
051370,인터플렉스,KOSDAQ,1614.26,52.64,5,23327472,
478340,나라스페이스테크놀로지,KOSDAQ,1603.40,423.50,5,11610415,
488280,에스투더블유,KOSDAQ,1603.25,105.94,5,10825486,
051160,지어소프트,KOSDAQ,1599.04,29.79,5,13482648,
0039P0,매드업,KOSDAQ,1598.63,339.30,5,18807400,
388790,라이콤,KOSDAQ,1576.63,31.76,5,30614160,
008970,KBI동양철관,KOSPI,1538.86,57.10,5,103766907,
053260,금강철강,KOSDAQ,1518.19,209.87,5,18720000,
387690,레메디,KOSDAQ,1516.01,784.15,5,7625791,
413630,씨피시스템,KOSDAQ,1493.90,28.29,5,36436605,
950250,테라뷰,KOSDAQ,1484.99,121.64,5,35696932,외국기업
0007C0,아크릴,KOSDAQ,1474.37,118.59,5,8030324,
452190,한빛레이저,KOSDAQ,1459.15,416.17,5,23920557,
102120,어보브반도체,KOSDAQ,1454.47,27.22,5,17780753,
396300,HT로보틱스,KOSDAQ,1433.08,448.87,5,26489500,
014280,금강공업,KOSPI,1410.74,118.05,5,29329357,
059120,아진엑스텍,KOSDAQ,1345.79,28.63,5,18310066,
0015N0,아로마티카,KOSDAQ,1345.73,47.46,5,12576922,
265740,엔에프씨,KOSDAQ,1339.77,26.87,5,17863600,
0088M0,메쥬,KOSDAQ,1324.15,31.07,5,9881750,
047770,코데즈컴바인,KOSDAQ,1316.92,33.54,5,37842602,
054920,한컴위드,KOSDAQ,1314.92,85.75,5,28217081,
158430,아톤,KOSDAQ,1302.45,96.14,5,24482092,
115500,케이씨에스,KOSDAQ,1273.20,63.92,5,12000000,
115440,우리넷,KOSDAQ,1266.17,511.80,5,10794292,
003010,혜인,KOSPI,1245.85,40.43,5,12712747,
092220,KEC,KOSPI,1244.73,25.77,5,40152628,
042510,라온시큐어,KOSDAQ,1240.52,83.42,5,11105828,
072950,빛샘전자,KOSDAQ,1222.39,766.05,5,8052610,
321370,센서뷰,KOSDAQ,1206.23,177.71,5,70622251,
001210,금호전기,KOSPI,1186.90,110.87,5,12626599,
079650,서산,KOSDAQ,1152.00,53.70,5,20000000,
153890,져스텍,KOSDAQ,1126.70,90.53,5,12050305,
338220,뷰노,KOSDAQ,1117.35,91.48,5,14001823,
201490,미투온,KOSDAQ,1115.88,213.35,5,32723726,
009580,무림P&P,KOSPI,1072.74,92.33,5,62368324,
012200,계양전기,KOSPI,1062.68,37.52,5,35422829,
0011A0,액스비스,KOSDAQ,1054.71,38.73,5,9333740,
419050,삼기에너지솔루션즈,KOSDAQ,1038.11,210.67,5,57196240,
439580,블루엠텍,KOSDAQ,1015.40,159.10,5,33846547,
209640,와이제이링크,KOSDAQ,1014.00,84.68,5,28443146,
261780,아리바이오랩,KOSDAQ,1004.77,51.62,5,28955976,
