종목코드,종목명,대테마,세부테마,근거
005930,삼성전자,반도체,메모리,메모리(HBM·DRAM·NAND)·파운드리·스마트폰·가전
000660,SK하이닉스,반도체,메모리,DRAM·HBM·NAND 메모리
402340,SK스퀘어,반도체,메모리,SK하이닉스 지분 20% 보유 투자지주
009150,삼성전기,IT하드웨어,MLCC·수동부품,MLCC·FC-BGA 기판·카메라모듈
373220,LG에너지솔루션,2차전지,배터리셀,EV·ESS용 배터리 셀
005380,현대차,자동차,완성차,완성차(현대·제네시스)·HEV·EV
207940,삼성바이오로직스,바이오,CDMO·바이오시밀러,바이오의약품 CDMO(세계 최대 생산능력)
105560,KB금융,금융,은행,KB국민은행 중심 금융지주
032830,삼성생명,금융,보험,생명보험(삼성전자 지분 보유)
028260,삼성물산,지주,지주사,삼성그룹 지배구조 핵심(삼성전자·바이오 지분)·건설·상사
034020,두산에너빌리티,전력·에너지,원전,원전 주기기·가스터빈·SMR 제작
012450,한화에어로스페이스,방산·우주,방산 체계,K9 자주포·레드백·항공엔진·발사체
055550,신한지주,금융,은행,신한은행 중심 금융지주
329180,HD현대중공업,조선,조선사,"상선·LNG선·함정 건조, 선박엔진"
000270,기아,자동차,완성차,완성차(기아)·HEV·EV
034730,SK,지주,지주사,SK그룹 지주(SK이노베이션·SK텔레콤·SK스퀘어)
006400,삼성SDI,2차전지,배터리셀,EV·ESS용 배터리 셀·전자재료
068270,셀트리온,바이오,CDMO·바이오시밀러,바이오시밀러(램시마·짐펜트라 등)
086790,하나금융지주,금융,은행,하나은행 중심 금융지주
066570,LG전자,소비재·유통,가전·생활용품,TV·생활가전·전장·냉난방공조(HVAC)
012330,현대모비스,자동차,자동차부품·타이어,모듈·핵심부품·A/S 부품(현대차그룹)
010120,LS ELECTRIC,전력·에너지,전력기기,배전·변압기·전력시스템(북미 데이터센터)
035420,NAVER,인터넷·SW,인터넷플랫폼,검색·광고·커머스·네이버페이·웹툰
000810,삼성화재,금융,보험,손해보험(삼성 계열)
298040,효성중공업,전력·에너지,전력기기,초고압 변압기·차단기 + 건설
316140,우리금융지주,금융,은행,우리은행 중심 금융지주
096770,SK이노베이션,화학·정유,정유·자원,정유·화학·윤활유 + 배터리(SK온)·LNG(SK E&S)
042700,한미반도체,반도체,HBM·후공정 장비,HBM용 TC본더·절단·검사장비
005490,POSCO홀딩스,철강·비철,철강,철강(포스코)·리튬·2차전지소재 지주
042660,한화오션,조선,조선사,LNG선·잠수함·함정 건조(미 MASGA)
267260,HD현대일렉트릭,전력·에너지,전력기기,초고압 변압기·차단기·회전기
009540,HD한국조선해양,조선,조선사,HD현대 조선 중간지주(HD현대중공업·삼호)
010130,고려아연,철강·비철,비철·희토류,"아연·연·금·은 제련, 전략광물"
000150,두산,IT하드웨어,반도체기판·PCB,"AI가속기용 동박적층판(CCL, 전자BG) + 두산에너빌리티 지분"
138040,메리츠금융지주,금융,보험,메리츠화재·메리츠증권 금융지주
011200,HMM,운송,해운,컨테이너선 해운
015760,한국전력,전력·에너지,유틸리티,전력 판매·발전(한수원 등 자회사)
017670,SK텔레콤,통신,통신서비스,이동통신·AI 데이터센터
033780,KT&G,소비재·유통,음식료·담배,담배·홍삼(정관장)
010950,S-Oil,화학·정유,정유·자원,정유·윤활기유·석유화학(아람코 계열)
196170,알테오젠,바이오,플랫폼·기술수출,피하주사 전환 플랫폼(ALT-B4) 기술수출
051910,LG화학,화학·정유,석유화학·소재,석유화학·첨단소재 + LG에너지솔루션 지분
010140,삼성중공업,조선,조선사,LNG선·FLNG·컨테이너선 건조
018260,삼성에스디에스,인터넷·SW,IT서비스,삼성그룹 IT서비스·클라우드·물류BPO
006800,미래에셋증권,금융,증권,증권(위탁·IB·해외주식)
003550,LG,지주,지주사,LG그룹 지주(LG전자·LG화학·LG유플러스)
024110,기업은행,금융,은행,중소기업 대출 국책은행
267250,HD현대,지주,지주사,HD현대그룹 지주(오일뱅크·조선·일렉트릭)
003670,포스코퓨처엠,2차전지,양극재·전구체,양극재·음극재·내화물(포스코 계열)
079550,LIG디펜스앤에어로스페이스,방산·우주,방산 체계,정밀유도무기·천궁·레이더(구 LIG넥스원)
035720,카카오,인터넷·SW,인터넷플랫폼,카카오톡 광고·커머스·콘텐츠
086280,현대글로비스,운송,항공·물류,완성차 해상운송(PCTC)·물류(현대차그룹)
272210,한화시스템,방산·우주,방산 체계,방산 전자(레이더·전투체계)·위성통신
278470,에이피알,화장품,화장품 브랜드,메디큐브 화장품·뷰티 디바이스
011070,LG이노텍,IT하드웨어,모바일·카메라부품,카메라모듈(애플)·기판소재·전장부품
030200,KT,통신,통신서비스,유무선 통신·IPTV·클라우드
000720,현대건설,건설,건설사,주택·플랜트·원전 시공
047810,한국항공우주,방산·우주,방산 체계,KF-21·FA-50 전투기·헬기·위성
064350,현대로템,방산·우주,방산 체계,K2 전차·철도차량
005830,DB손해보험,금융,보험,손해보험(자동차·장기)
003490,대한항공,운송,항공·물류,항공 여객·화물(아시아나 통합)
086520,에코프로,2차전지,양극재·전구체,에코프로비엠·에코프로머티 지주(양극재 계열)
036930,주성엔지니어링,반도체,전공정 장비,ALD·CVD 증착장비(반도체·디스플레이·태양광)
247540,에코프로비엠,2차전지,양극재·전구체,하이니켈 양극재
443060,HD현대마린솔루션,조선,조선기자재,선박 AM(애프터마켓)·친환경 개조·디지털 솔루션
307950,현대오토에버,인터넷·SW,IT서비스,현대차그룹 IT서비스·차량SW(SDV)
047050,포스코인터내셔널,화학·정유,정유·자원,철강·식량 트레이딩·LNG 가스전·발전(포스코 계열)
078930,GS,지주,지주사,GS칼텍스·GS EPS·GS리테일 지주
071050,한국금융지주,금융,증권,한국투자증권 중심 금융지주
006260,LS,전력·에너지,전선·케이블,LS전선(HVDC·해저케이블)·LS일렉트릭 지주
005940,NH투자증권,금융,증권,증권(농협 계열)
323410,카카오뱅크,금융,은행,인터넷전문은행(카카오 계열)
000500,가온전선,전력·에너지,전선·케이블,전력선·통신케이블(LS전선 자회사)
028050,삼성E&A,건설,건설사,화공·산업 플랜트 설계·시공(삼성 계열)
003230,삼양식품,소비재·유통,음식료·담배,라면(불닭볶음면) 수출
259960,크래프톤,인터넷·SW,게임,배틀그라운드 IP·신작 게임
180640,한진칼,지주,지주사,한진그룹 지주(대한항공)
0126Z0,삼성에피스홀딩스,바이오,CDMO·바이오시밀러,삼성바이오에피스(바이오시밀러) 지주
007660,이수페타시스,IT하드웨어,반도체기판·PCB,AI 서버·네트워크용 고다층 기판(MLB)
277810,레인보우로보틱스,로봇·기계,로봇·자동화,협동로봇·휴머노이드(삼성전자 최대주주)
090430,아모레퍼시픽,화장품,화장품 브랜드,설화수·라네즈·코스알엑스 화장품
016360,삼성증권,금융,증권,"증권(삼성 계열, 자산관리)"
009830,한화솔루션,전력·에너지,태양광·풍력,태양광(큐셀 미국 모듈) + 석유화학
161390,한국타이어앤테크놀로지,자동차,자동차부품·타이어,타이어(한국앤컴퍼니그룹)
047040,대우건설,건설,건설사,주택·토목·해외 플랜트
021240,코웨이,소비재·유통,가전·생활용품,정수기·공기청정기 렌탈
352820,하이브,엔터·미디어,K-POP 엔터,BTS·세븐틴 등 음악 기획·매니지먼트
000880,한화,지주,지주사,한화그룹 지주(한화에어로스페이스·한화솔루션)·화약
064400,LG씨엔에스,인터넷·SW,IT서비스,LG그룹 IT서비스·클라우드·AI 데이터센터
039490,키움증권,금융,증권,온라인 증권(리테일 위탁매매)
353200,대덕전자,IT하드웨어,반도체기판·PCB,FC-BGA·메모리 패키지 기판
062040,산일전기,전력·에너지,전력기기,배전·특수 변압기(북미 신재생·데이터센터)
240810,원익IPS,반도체,전공정 장비,CVD·ALD 증착장비(삼성전자 주력)
039030,이오테크닉스,반도체,HBM·후공정 장비,레이저 마커·그루빙·어닐링 장비
128940,한미약품,바이오,제약,복합 개량신약·비만·대사 신약
032640,LG유플러스,통신,통신서비스,이동통신·IPTV(LG 계열)
000990,DB하이텍,반도체,시스템반도체·팹리스,8인치 파운드리(전력반도체·DDI·센서)
267270,HD건설기계,로봇·기계,건설·산업기계,굴착기·휠로더·엔진(HD현대 건설기계 통합)
326030,SK바이오팜,바이오,제약,뇌전증 신약 엑스코프리 미국 직판
001440,대한전선,전력·에너지,전선·케이블,초고압 전력선·해저케이블
222800,심텍,IT하드웨어,반도체기판·PCB,메모리 패키지·모듈 기판(SOCAMM·GDDR)
058470,리노공업,반도체,테스트소켓·프로브,테스트 핀(리노핀)·IC 소켓
028300,HLB,바이오,HLB그룹,간암 신약 리보세라닙 FDA 허가 추진
175330,JB금융지주,금융,은행,전북·광주은행 지방금융지주
377300,카카오페이,인터넷·SW,핀테크·결제,간편결제·송금·금융 플랫폼(카카오 계열)
000100,유한양행,바이오,제약,렉라자(폐암 신약)·전문의약품·생활용품
403870,HPSP,반도체,전공정 장비,고압 수소 어닐링 장비(독점)
241560,두산밥캣,로봇·기계,건설·산업기계,소형 건설장비(스키드로더)·북미
011790,SKC,반도체,유리기판,유리기판(앱솔릭스)·ISC 지분 + 동박·화학
029780,삼성카드,금융,카드·VC,신용카드·할부금융(삼성 계열)
138930,BNK금융지주,금융,은행,부산·경남은행 지방금융지주
052690,한전기술,전력·에너지,원전,원전 설계·엔지니어링(한전 계열)
088350,한화생명,금융,보험,생명보험(한화 계열)
066970,엘앤에프,2차전지,양극재·전구체,양극재(하이니켈·LFP)
095340,ISC,반도체,테스트소켓·프로브,실리콘 러버 테스트소켓(SKC 계열)
036570,NC,인터넷·SW,게임,리니지·아이온2 MMORPG
454910,두산로보틱스,로봇·기계,로봇·자동화,협동로봇·로봇 솔루션
319660,피에스케이,반도체,전공정 장비,드라이 스트립·드라이 클리닝 장비
271560,오리온,소비재·유통,음식료·담배,제과(초코파이)·중국·베트남·러시아 법인
108490,로보티즈,로봇·기계,로봇부품,로봇 액추에이터(다이나믹셀)·배송로봇
010060,OCI홀딩스,전력·에너지,태양광·풍력,폴리실리콘·미국 태양광 발전 + 화학
034220,LG디스플레이,IT하드웨어,디스플레이·LED,OLED·LCD 패널
440110,파두,반도체,시스템반도체·팹리스,데이터센터 SSD 컨트롤러 팹리스
082740,한화엔진,조선,선박엔진,대형 선박용 엔진(2행정)·발전엔진(구 HSD엔진)
001450,현대해상,금융,보험,손해보험(자동차·장기)
000250,삼천당제약,바이오,비만·대사,경구용 GLP-1 제형 플랫폼·안과 바이오시밀러
002380,KCC,건설,건자재·인프라,도료·건자재·실리콘(삼성물산 지분)
051900,LG생활건강,화장품,화장품 브랜드,화장품(후)·생활용품·음료
004020,현대제철,철강·비철,철강,봉형강·판재·자동차강판
103590,일진전기,전력·에너지,전력기기,초고압 전선·변압기·차단기
001040,CJ,지주,지주사,CJ그룹 지주(CJ제일제당·CJ ENM·올리브영)
031980,피에스케이홀딩스,반도체,HBM·후공정 장비,리플로우·디스컴 장비(HBM·첨단패키징)
084370,유진테크,반도체,전공정 장비,LPCVD·ALD 증착장비
018880,한온시스템,자동차,자동차부품·타이어,자동차 공조(열관리) 시스템
008930,한미사이언스,바이오,제약,한미약품그룹 지주(한미약품 지분)
161890,한국콜마,화장품,화장품 ODM,화장품 ODM(선크림)·HK이노엔 지분
064760,티씨케이,반도체,반도체 부품,SiC 링·고순도 흑연(식각 소모품)
095610,테스,반도체,전공정 장비,PECVD·가스 식각 장비
214450,파마리서치,바이오,미용의료,PDRN 스킨부스터(리쥬란)·의약품·화장품
036460,한국가스공사,전력·에너지,유틸리티,"천연가스(LNG) 도입·공급, 해외 가스전"
131290,티에스이,반도체,테스트소켓·프로브,프로브카드·인터페이스보드·테스트소켓
004170,신세계,소비재·유통,유통,백화점·면세점(신세계DF)
357780,솔브레인,반도체,반도체 소재,반도체 식각액·디스플레이·2차전지 소재
067310,하나마이크론,반도체,OSAT·테스트하우스,반도체 패키징·테스트(OSAT)
012750,에스원,인터넷·SW,보안,물리보안(경비·CCTV)·건물관리(삼성 계열)
028670,팬오션,운송,해운,벌크선 해운(하림 계열)
087010,펩트론,바이오,비만·대사,약효지속 펩타이드 플랫폼·비만 치료제
035250,강원랜드,소비재·유통,레저·관광,내국인 카지노·리조트
111770,영원무역,소비재·유통,의류,아웃도어 의류 OEM·자전거(산타크루즈)
192820,코스맥스,화장품,화장품 ODM,화장품 ODM(글로벌 1위)
022100,포스코DX,인터넷·SW,IT서비스,포스코그룹 IT서비스·공장자동화(EIC)·물류로봇
375500,DL이앤씨,건설,건설사,주택·플랜트 시공(e편한세상)
336260,두산퓨얼셀,전력·에너지,ESS·연료전지,발전용 연료전지(PAFC·SOFC)
141080,리가켐바이오,바이오,플랫폼·기술수출,ADC 플랫폼 기술수출(오리온 계열)
006360,GS건설,건설,건설사,주택(자이)·인프라·플랜트
011780,금호석유화학,화학·정유,석유화학·소재,합성고무(NB라텍스·SBR)·합성수지·CNT
139130,iM금융지주,금융,은행,iM뱅크(구 대구은행) 금융지주
023530,롯데쇼핑,소비재·유통,유통,백화점·마트·슈퍼·이커머스
251270,넷마블,인터넷·SW,게임,모바일게임 개발·퍼블리싱
017800,현대엘리베이터,로봇·기계,건설·산업기계,엘리베이터·에스컬레이터·물류자동화
007340,DN오토모티브,로봇·기계,건설·산업기계,공작기계(DN솔루션즈)·방진부품·축전지
014680,한솔케미칼,반도체,반도체 소재,과산화수소·반도체 프리커서·QD 소재
298380,에이비엘바이오,바이오,플랫폼·기술수출,이중항체·BBB 셔틀 플랫폼 기술수출
080220,제주반도체,반도체,메모리,저전력 DRAM·MCP 메모리 팹리스(IoT·온디바이스AI)
097950,CJ제일제당,소비재·유통,음식료·담배,식품·바이오(아미노산)·대한통운 지분
383220,F&F,소비재·유통,의류,MLB·디스커버리 패션(중국)
010170,대한광통신,통신,광통신,광섬유·광케이블(AI 데이터센터)
003690,코리안리,금융,보험,재보험
011170,롯데케미칼,화학·정유,석유화학·소재,에틸렌·폴리올레핀(NCC)·첨단소재
489790,한화비전,반도체,HBM·후공정 장비,CCTV 보안카메라 + 한화세미텍 HBM TC본더·칩마운터
257720,실리콘투,화장품,화장품 유통·소재,K-뷰티 글로벌 유통(역직구 플랫폼)
310210,보로노이,바이오,플랫폼·기술수출,표적항암제(EGFR·HER2) 개발·기술수출
450080,에코프로머티,2차전지,양극재·전구체,하이니켈 전구체
004370,농심,소비재·유통,음식료·담배,라면(신라면)·스낵
178320,서진시스템,전력·에너지,ESS·연료전지,ESS 함체·통신장비·반도체장비 부품(EMS)
005290,동진쎄미켐,반도체,반도체 소재,포토레지스트·디스플레이 소재
457190,이수스페셜티케미컬,2차전지,배터리 소재·부품,전고체 전해질용 황화리튬·정밀화학
005440,현대지에프홀딩스,지주,지주사,현대백화점그룹 지주(현대그린푸드 등)
483650,달바글로벌,화장품,화장품 브랜드,비건 화장품 브랜드(달바)
226950,올릭스,바이오,플랫폼·기술수출,siRNA 플랫폼 기술수출
009420,한올바이오파마,바이오,플랫폼·기술수출,"FcRn 항체 기술수출(이뮤노반트), 대웅 계열"
005850,에스엘,자동차,자동차부품·타이어,자동차 램프·전장부품
319400,현대무벡스,로봇·기계,로봇·자동화,물류자동화 시스템·IT서비스(현대 계열)
145020,휴젤,바이오,미용의료,보툴리눔 톡신(레티보)·필러
282330,BGF리테일,소비재·유통,유통,편의점(CU)
140410,메지온,바이오,신약개발,폰탄수술 환자 치료제(유데나필) 임상
020150,롯데에너지머티리얼즈,2차전지,배터리 소재·부품,전지박·회로박(동박)
103140,풍산,방산·우주,방산 부품·드론,탄약·포탄 + 동·동합금 소재
030000,제일기획,엔터·미디어,광고·콘텐츠,광고대행(삼성 계열)
112610,씨에스윈드,전력·에너지,태양광·풍력,풍력발전 타워·하부구조물
058610,에스피지,로봇·기계,로봇부품,정밀 감속기·소형 모터
204320,HL만도,자동차,자동차부품·타이어,제동·조향·현가장치·ADAS
032820,우리기술,전력·에너지,원전,원전 제어계측(MMIS)·분산제어
098460,고영,반도체,테스트·검사 장비,3D 검사장비(SPI·AOI)·반도체 패키지 검사
263750,펄어비스,인터넷·SW,게임,검은사막·붉은사막
030530,원익홀딩스,반도체,전공정 장비,"원익IPS·원익머트리얼즈 지주, 반도체 가스·장비"
043260,성호전자,IT하드웨어,MLCC·수동부품,필름 콘덴서(ESS·전기차·서버 전원)
081660,미스토홀딩스,소비재·유통,의류,휠라·타이틀리스트(아쿠쉬네트)
139480,이마트,소비재·유통,유통,대형마트·트레이더스·SSG
051600,한전KPS,전력·에너지,원전,원전·화력 발전설비 정비(한전 계열)
069960,현대백화점,소비재·유통,유통,백화점·면세점
347850,디앤디파마텍,바이오,비만·대사,경구용 펩타이드 GLP-1 비만·MASH 치료제
089030,테크윙,반도체,테스트·검사 장비,메모리 테스트 핸들러·HBM 큐브 프로버
140860,파크시스템스,반도체,테스트·검사 장비,원자현미경(AFM) 계측장비
073240,금호타이어,자동차,자동차부품·타이어,타이어
237690,에스티팜,바이오,CDMO·바이오시밀러,올리고핵산 원료의약품 CDMO(동아쏘시오 계열)
229640,LS에코에너지,전력·에너지,전선·케이블,베트남 전선·희토류 사업(LS전선 계열)
131970,두산테스나,반도체,OSAT·테스트하우스,시스템반도체 웨이퍼·패키지 테스트
007070,GS리테일,소비재·유통,유통,편의점(GS25)·슈퍼·홈쇼핑
041510,에스엠,엔터·미디어,K-POP 엔터,음반·음원 제작·아티스트 매니지먼트(카카오 계열)
083650,비에이치아이,전력·에너지,원전,HRSG·보일러·원전 보조기기
007810,코리아써키트,IT하드웨어,반도체기판·PCB,PCB·패키지 기판(영풍 계열)
323280,태성,반도체,유리기판,PCB 자동화장비·유리기판 식각·복합동박 장비
181710,NHN,인터넷·SW,인터넷플랫폼,간편결제(페이코)·게임(한게임)·클라우드
036540,SFA반도체,반도체,OSAT·테스트하우스,메모리 패키징·테스트(OSAT)
183300,코미코,반도체,반도체 부품,반도체 장비 부품 세정·코팅
281820,케이씨텍,반도체,전공정 장비,CMP·세정 장비
068760,셀트리온제약,바이오,제약,케미컬 의약품·바이오시밀러 국내 판매(셀트리온 계열)
060370,LS마린솔루션,전력·에너지,전선·케이블,해저케이블 시공·해상풍력 설치(LS 계열)
475150,SK이터닉스,전력·에너지,태양광·풍력,재생에너지 개발·EPC·ESS·전력거래
001120,LX인터내셔널,화학·정유,정유·자원,종합상사·석탄·니켈 자원·물류(LX 계열)
089970,브이엠,반도체,전공정 장비,폴리 식각(Etch) 장비
096530,씨젠,바이오,의료기기·진단,분자진단(PCR) 시약·장비
120110,코오롱인더,화학·정유,석유화학·소재,아라미드·타이어코드·필름·수지
071970,HD현대마린엔진,조선,선박엔진,"선박용 엔진·부품(HD현대 계열, 구 STX중공업)"
001430,세아베스틸지주,철강·비철,철강,특수강·항공우주 소재(세아 계열)
420770,기가비스,반도체,테스트·검사 장비,패키지 기판 광학검사(AOI)·수리장비
093370,후성,2차전지,배터리 소재·부품,전해질(LiPF6)·냉매·반도체 특수가스
437730,삼현,로봇·기계,로봇부품,스마트 액추에이터·모터(차량·로봇·방산)
007390,네이처셀,바이오,신약개발,줄기세포 치료제(조인트스템) 개발
218410,RFHIC,통신,통신장비,GaN RF 트랜지스터·증폭기(통신·방산 레이더)
001820,삼화콘덴서,IT하드웨어,MLCC·수동부품,MLCC·필름 콘덴서
008770,호텔신라,소비재·유통,레저·관광,면세점·호텔
294870,IPARK현대산업개발,건설,건설사,주택 개발·시공(아이파크)
078600,대주전자재료,2차전지,배터리 소재·부품,실리콘 음극재·전자재료(페이스트)
322000,HD현대에너지솔루션,전력·에너지,태양광·풍력,태양광 셀·모듈(HD현대 계열)
005070,코스모신소재,2차전지,양극재·전구체,양극활물질·기능성 필름·토너
361610,SK아이이테크놀로지,2차전지,배터리 소재·부품,습식 분리막
011210,현대위아,자동차,자동차부품·타이어,자동차 모듈·엔진·열관리 부품·방산(포)
290650,엘앤씨바이오,바이오,미용의료,인체조직 이식재·스킨부스터(리투오)
039200,오스코텍,바이오,신약개발,렉라자 로열티·신약 파이프라인
035900,JYP Ent.,엔터·미디어,K-POP 엔터,음반·음원 제작·아티스트 매니지먼트
097230,HJ중공업,조선,조선사,중형 상선·함정 건조 + 건설·토목
950160,코오롱티슈진,바이오,신약개발,골관절염 세포유전자치료제 TG-C 미국 3상
204270,제이앤티씨,반도체,유리기판,커넥터·강화유리 + 유리기판(TGV) 신사업
950260,인제니아테라퓨틱스(Reg.S),바이오,신약개발,안과·신장질환 항체 신약 개발
082920,비츠로셀,방산·우주,방산 부품·드론,리튬 일차전지(군수·스마트미터·시추)
001740,SK네트웍스,소비재·유통,유통,휴대폰 유통·워커힐 호텔·AI 신사업(SK 계열)
241710,코스메카코리아,화장품,화장품 ODM,화장품 ODM(기초·선케어)
003380,하림지주,지주,지주사,하림그룹 지주(하림·팬오션·NS홈쇼핑)
298020,효성티앤씨,화학·정유,석유화학·소재,스판덱스·나일론·폴리에스터 원사
232140,와이씨,반도체,테스트·검사 장비,메모리 웨이퍼 테스터(HBM)
252990,샘씨엔에스,반도체,테스트소켓·프로브,프로브카드용 세라믹 STF 기판
166090,하나머티리얼즈,반도체,반도체 부품,실리콘·SiC 식각 부품(링·전극)
006120,SK디스커버리,지주,지주사,SK케미칼·SK가스·SK바이오사이언스 지주
347700,스피어,방산·우주,우주·항공,"우주항공 특수합금(스페이스X 공급), 구 라이프시맨틱스"
127120,제이에스링크,철강·비철,비철·희토류,희토류 영구자석 신사업·유전체 분석(구 디엔에이링크)
195940,HK이노엔,바이오,제약,위식도역류 신약 케이캡·수액
356860,티엘비,IT하드웨어,반도체기판·PCB,메모리 모듈 PCB(DDR5·SSD·CXL)
195870,해성디에스,IT하드웨어,반도체기판·PCB,리드프레임·패키지 기판
003160,디아이,반도체,테스트·검사 장비,메모리·HBM 번인테스터·검사장비
017960,한국카본,조선,조선기자재,LNG선 단열 패널·탄소섬유 복합재
003570,SNT다이내믹스,방산·우주,방산 부품·드론,K2 전차 변속기(파워팩)·차량부품
056190,SFA,로봇·기계,로봇·자동화,물류·공장 자동화 설비·SFA반도체 지분
006340,대원전선,전력·에너지,전선·케이블,전력선·통신케이블
445680,큐리옥스바이오시스템즈,바이오,의료기기·진단,세포 전처리 자동화 장비
458870,씨어스,바이오,의료기기·진단,웨어러블 심전도·입원환자 모니터링
293490,카카오게임즈,인터넷·SW,게임,모바일·PC 게임 퍼블리싱(카카오 계열)
086450,동국제약,바이오,제약,일반의약품(인사돌)·화장품(센텔리안24)
101490,에스앤에스텍,반도체,반도체 소재,블랭크마스크·EUV 펠리클
003530,한화투자증권,금융,증권,"증권(한화 계열, 두나무 지분)"
417200,LS머트리얼즈,IT하드웨어,MLCC·수동부품,울트라커패시터·알루미늄 소재(LS 계열)
119850,지엔씨에너지,전력·에너지,전력기기,비상발전기(데이터센터)·열병합·바이오가스 발전
083450,GST,반도체,전공정 장비,스크러버·칠러(공정 환경장비)
161580,필옵틱스,반도체,유리기판,유리기판 TGV 레이저·디스플레이·2차전지 장비
006110,삼아알미늄,2차전지,배터리 소재·부품,2차전지용 알루미늄박·포장용 호일
032350,롯데관광개발,소비재·유통,레저·관광,제주 드림타워 카지노·호텔
100790,미래에셋벤처투자,금융,카드·VC,벤처캐피털(미래에셋 계열)
327260,RF머트리얼즈,통신,통신장비,광통신·RF 반도체 패키지
077970,STX엔진,조선,선박엔진,선박·함정·특수차량용 엔진(방산 비중 큼)
160190,하이젠알앤엠,로봇·기계,로봇부품,서보모터·범용 전동기
388210,씨엠티엑스,반도체,반도체 부품,반도체 장비용 소모성 부품(실리콘·쿼츠)
000370,한화손해보험,금융,보험,손해보험(한화 계열)
053800,안랩,인터넷·SW,보안,백신(V3)·통합보안 솔루션
031330,에스에이엠티,반도체,메모리,삼성전자 메모리 반도체 유통
099320,쎄트렉아이,방산·우주,우주·항공,인공위성·위성영상(한화에어로 계열)
014620,성광벤드,조선,조선기자재,배관용 관이음쇠(LNG선·플랜트)
328130,루닛,바이오,의료기기·진단,AI 암 진단 영상판독(루닛 인사이트)
074600,원익QnC,반도체,반도체 부품,쿼츠(석영) 부품·세정
122870,와이지엔터테인먼트,엔터·미디어,K-POP 엔터,음반·음원 제작·아티스트 매니지먼트
032500,케이엠더블유,통신,통신장비,5G 기지국 안테나·RF 필터
425420,티에프이,반도체,테스트소켓·프로브,테스트 보드·소켓·COK
059090,미코,반도체,반도체 부품,세라믹 히터·정전척 부품·연료전지(SOFC)
491000,리브스메드,바이오,의료기기·진단,다관절 복강경 수술기구
033100,제룡전기,전력·에너지,전력기기,배전용 변압기·개폐기
499790,GS피앤엘,소비재·유통,레저·관광,파르나스호텔 등 호텔·레저(GS리테일 분할)
251970,펌텍코리아,화장품,화장품 유통·소재,화장품 용기·펌프
000670,영풍,철강·비철,비철·희토류,아연 제련·고려아연 지분
044490,태웅,전력·에너지,태양광·풍력,풍력·발전·플랜트용 대형 단조품
005180,빙그레,소비재·유통,음식료·담배,아이스크림·우유(바나나맛우유)
281740,레이크머티리얼즈,반도체,반도체 소재,반도체·태양전지용 전구체(TMA·하프늄)·촉매
295310,에이치브이엠,방산·우주,우주·항공,우주항공·방산용 특수합금·스퍼터링 타깃
033790,피노,2차전지,양극재·전구체,NCM 전구체(CNGR 계열)·통신 중계기
090360,로보스타,로봇·기계,로봇·자동화,산업용 로봇·반도체 이송로봇(LG 계열)
100840,SNT에너지,전력·에너지,전력기기,가스발전·LNG용 공랭식 열교환기·폐열회수
053610,프로텍,반도체,HBM·후공정 장비,디스펜서·레이저 리플로우 후공정 장비
100090,SK오션플랜트,전력·에너지,태양광·풍력,해상풍력 하부구조물·특수선
005690,파미셀,IT하드웨어,반도체기판·PCB,AI가속기 CCL용 저유전 경화제·줄기세포 치료제
122640,예스티,반도체,HBM·후공정 장비,HBM용 가압 큐어링·웨이퍼 열처리 장비
090710,휴림로봇,로봇·기계,로봇·자동화,산업용·지능형 로봇·모션컨트롤러
213420,덕산네오룩스,IT하드웨어,디스플레이·LED,OLED 유기재료(정공수송층·레드 호스트)
023160,태광,조선,조선기자재,관이음쇠(엘보·티·플랜지)
189300,인텔리안테크,방산·우주,우주·항공,위성통신 안테나(저궤도 위성)
041830,인바디,바이오,의료기기·진단,체성분 분석기
171090,선익시스템,IT하드웨어,디스플레이·LED,OLED 증착장비(8.6세대 IT OLED)
064960,SNT모티브,자동차,자동차부품·타이어,모터·서스펜션 등 차량부품·소총(방산)
137400,피엔티,2차전지,2차전지 장비,전극 롤투롤 코팅·슬리팅 장비
064290,인텍플러스,반도체,테스트·검사 장비,반도체·기판 외관 검사장비
476060,온코닉테라퓨틱스,바이오,신약개발,P-CAB 신약 자큐보·표적항암제(제일약품 계열)
005090,SGC에너지,전력·에너지,유틸리티,열병합 발전·집단에너지(OCI 계열)
090460,비에이치,IT하드웨어,모바일·카메라부품,스마트폰·차량용 연성회로기판(FPCB)
466100,클로봇,로봇·기계,로봇·자동화,로봇 소프트웨어·서비스로봇
121600,나노신소재,2차전지,배터리 소재·부품,CNT 도전재·CMP 슬러리·TCO 타깃
006730,서부T&D,소비재·유통,레저·관광,호텔·쇼핑몰·석유류 유통
033640,네패스,반도체,OSAT·테스트하우스,범핑·WLP·PLP 후공정·전자재료
036810,에프에스티,반도체,반도체 소재,펠리클·칠러
476830,알지노믹스,바이오,플랫폼·기술수출,RNA 편집·치환 플랫폼 기술수출
102710,이엔에프테크놀로지,반도체,반도체 소재,반도체 신너·식각액·OLED 소재
124500,아이티센글로벌,인터넷·SW,IT서비스,시스템통합(SI)·금 유통(한국금거래소)
048410,현대바이오,바이오,신약개발,범용 항바이러스제·항암제 개발
126340,비나텍,IT하드웨어,MLCC·수동부품,슈퍼커패시터·수소연료전지 소재
092870,엑시콘,반도체,테스트·검사 장비,메모리·SSD·CXL 테스터
490470,세미파이브,반도체,시스템반도체·팹리스,AI·맞춤형 반도체(ASIC) 설계 플랫폼
222080,SFA넥셀,2차전지,2차전지 장비,리튬이차전지 전극공정 장비
077360,덕산하이메탈,반도체,반도체 소재,솔더볼·도전입자
046890,서울반도체,IT하드웨어,디스플레이·LED,LED 패키지(조명·IT·차량)
456160,지투지바이오,바이오,비만·대사,장기지속형 주사제 플랫폼(비만·치매)
253590,네오셈,반도체,테스트·검사 장비,SSD·CXL 메모리 테스터
004710,한솔테크닉스,IT하드웨어,모바일·카메라부품,TV 파워모듈·무선충전 등 전자부품·태양광 모듈
219130,타이거일렉,반도체,테스트소켓·프로브,프로브카드·테스트용 PCB(티에스이 계열)
050890,쏠리드,통신,통신장비,인빌딩 중계기(DAS)·광중계기
468530,프로티나,바이오,의료기기·진단,단백질 상호작용 분석 바이오마커 플랫폼
006650,대한유화,화학·정유,석유화학·소재,폴리프로필렌·폴리에틸렌(NCC)
452260,한화갤러리아,소비재·유통,유통,백화점(갤러리아)·외식 브랜드
144960,뉴파워프라즈마,반도체,반도체 부품,플라즈마 소스(RPS)·RF 제너레이터
397030,에이프릴바이오,바이오,플랫폼·기술수출,반감기 연장 플랫폼(SAFA) 기술수출
017900,광전자,반도체,시스템반도체·팹리스,트랜지스터·광센서 등 개별소자
089890,코세스,반도체,HBM·후공정 장비,솔더볼 어태치·레이저 리페어 장비
399720,가온칩스,반도체,시스템반도체·팹리스,디자인하우스(삼성 파운드리)·AI반도체 설계
001510,SK증권,금융,증권,증권·IB
192650,드림텍,IT하드웨어,모바일·카메라부품,스마트폰 지문인식 모듈·의료기기 EMS
080580,오킨스전자,반도체,테스트소켓·프로브,번인·테스트 소켓
356680,엑스게이트,인터넷·SW,보안,VPN·방화벽 통합보안 솔루션
024850,HLB이노베이션,바이오,HLB그룹,리드프레임 + CAR-T 자회사 베리스모(HLB 계열)
104830,원익머트리얼즈,반도체,반도체 소재,반도체용 특수가스(저메인·NO 등)
187660,페니트리움바이오,바이오,신약개발,항암 신약 개발·임상 CRO(현대바이오 계열)
003030,세아제강지주,철강·비철,강관,강관(유정용·배관용)·해상풍력 모노파일 지주
078350,한양디지텍,반도체,메모리,메모리 모듈(DRAM·SSD) 제조
0220W0,한화머시너리앤서비스홀딩스,지주,지주사,한화비전·한화갤러리아 지주(㈜한화 인적분할)
475830,오름테라퓨틱,바이오,플랫폼·기술수출,단백질분해 항체접합체(DAC) 플랫폼
067630,HLB생명과학,바이오,HLB그룹,HLB 지분·의료기기(HLB 계열)
019210,와이지-원,로봇·기계,건설·산업기계,절삭공구(엔드밀·탭)
025980,아난티,소비재·유통,레저·관광,리조트·호텔·골프장
348340,뉴로메카,로봇·기계,로봇·자동화,협동로봇·자동화 플랫폼
376900,로킷헬스케어,바이오,의료기기·진단,AI 장기재생 플랫폼(3D 바이오프린터 키트)
098120,마이크로컨텍솔,반도체,테스트소켓·프로브,번인 소켓(IC 소켓)
069540,빛과전자,통신,광통신,광송수신 모듈·광부품
002990,금호건설,건설,건설사,종합건설(주택·토목)
041190,우리기술투자,금융,카드·VC,벤처캐피털(두나무 지분 보유)
027360,아주IB투자,금융,카드·VC,벤처캐피털·PE
020000,한섬,소비재·유통,의류,여성 패션(타임·마인)
042000,카페24,인터넷·SW,인터넷플랫폼,온라인 쇼핑몰 구축 솔루션·호스팅
348370,엔켐,2차전지,배터리 소재·부품,2차전지 전해액
174900,앱클론,바이오,신약개발,CAR-T·항체 신약 개발
078340,컴투스,인터넷·SW,게임,모바일게임(서머너즈워)·야구게임
056080,유진로봇,로봇·기계,로봇·자동화,자율주행 물류·청소로봇·3D 라이다
089010,켐트로닉스,반도체,유리기판,전자 화학소재·유리 식각(TGV)·전장부품
170920,엘티씨,반도체,반도체 소재,디스플레이·반도체 박리액(스트리퍼)
003280,흥아해운,운송,해운,케미컬 탱커 해운(장금상선 계열)
290550,디케이티,IT하드웨어,모바일·카메라부품,스마트폰 FPCA 표면실장(SMT)
417840,저스템,반도체,전공정 장비,웨이퍼 습도제어(N2 퍼지) 시스템
125490,한라캐스트,자동차,자동차부품·타이어,알루미늄 다이캐스팅 부품(차량·가전)
486990,노타,인터넷·SW,AI소프트웨어,AI 모델 경량화·최적화 솔루션
033160,엠케이전자,반도체,반도체 소재,본딩와이어·솔더볼·2차전지 음극재
114810,한솔아이원스,반도체,반도체 부품,반도체 장비 부품 가공·세정·코팅
332570,PS일렉트로닉스,IT하드웨어,모바일·카메라부품,휴대폰 전력증폭기 모듈(PAM)·RF FEM·서버장비
200470,에이팩트,반도체,OSAT·테스트하우스,메모리 패키징·테스트
204620,글로벌텍스프리,소비재·유통,레저·관광,외국인 관광객 택스리펀드 대행
079370,제우스,반도체,전공정 장비,웨이퍼 세정장비·이송로봇
0035S0,빅웨이브로보틱스,로봇·기계,로봇·자동화,로봇 도입·관제 플랫폼(마로솔)·RaaS(VS 미수록)
130660,한전산업,전력·에너지,원전,발전설비 운전·정비·전력 검침 용역
441270,파인엠텍,IT하드웨어,모바일·카메라부품,폴더블폰 힌지·IT 부품
159010,아스플로,반도체,반도체 부품,반도체 가스공급 배관부품(튜브·피팅)
047920,HLB제약,바이오,HLB그룹,완제의약품·장기지속형 주사제(HLB 계열)
317400,자이에스앤디,건설,건설사,주택 개발·시공·AS(GS 계열)
477850,마키나락스,인터넷·SW,AI소프트웨어,제조 AI 운영 플랫폼
012030,DB,지주,지주사,DB그룹 지주(DB하이텍 지분)·IT서비스
486510,글로벌테크놀로지,반도체,시스템반도체·팹리스,"디스플레이·차량용 LED 구동칩 팹리스(VS 미수록, 9월 상장)"
092790,넥스틸,철강·비철,강관,유정용 강관(OCTG)·송유관(미국 수출)
107640,한중엔시에스,전력·에너지,ESS·연료전지,ESS 수냉식 냉각시스템·EV 부품
330860,네패스아크,반도체,OSAT·테스트하우스,반도체 테스트(네패스 계열)
002710,TCC스틸,2차전지,배터리 소재·부품,배터리 캔용 니켈도금강판·석도강판
011930,신성이엔지,반도체,전공정 장비,반도체 클린룸·공조 + 태양광 모듈
039440,에스티아이,반도체,전공정 장비,약액공급장치(CCSS)·리플로우 장비
006910,보성파워텍,전력·에너지,전력기기,송전 철탑·강관주·개폐기
138080,오이솔루션,통신,광통신,광트랜시버(5G·데이터센터)
386380,스카이랩스,바이오,의료기기·진단,커프리스 연속혈압 모니터링 기기
052710,아모텍,IT하드웨어,MLCC·수동부품,세라믹 칩부품·MLCC·안테나·모터
003350,한국화장품제조,화장품,화장품 ODM,화장품·의약외품 제조(한국화장품 계열)
266690,덕산넵코어스,방산·우주,방산 부품·드론,무기체계 위성·통합항법·항재밍 장치(VS 미수록)
456010,아이씨티케이,반도체,시스템반도체·팹리스,PUF 기반 보안반도체·보안칩
117730,티로보틱스,로봇·기계,로봇·자동화,진공 이송로봇(반도체·디스플레이)·물류로봇
064260,다날,인터넷·SW,핀테크·결제,휴대폰결제·전자결제·가상자산
217590,티엠씨,조선,조선기자재,선박·해양·원전용 특수케이블(VS 미수록)
046970,우리로,통신,광통신,광분배기·광다이오드(양자암호 부품)
446540,메가터치,반도체,테스트소켓·프로브,반도체 테스트·배터리 충방전용 핀(티에스이 계열)
452430,사피엔반도체,반도체,시스템반도체·팹리스,마이크로·미니LED 디스플레이 구동칩 팹리스
036200,유니셈,반도체,전공정 장비,스크러버·칠러(공정 환경장비)
020120,키다리스튜디오,엔터·미디어,광고·콘텐츠,웹툰·웹소설 콘텐츠 제작·유통
425040,티이엠씨,반도체,반도체 소재,반도체용 특수가스(네온·제논 등)
234340,헥토파이낸셜,인터넷·SW,핀테크·결제,간편현금결제·가상계좌 중계
482630,삼양엔씨켐,반도체,반도체 소재,포토레지스트용 기초화합물(삼양 계열)
424870,이뮨온시아,바이오,신약개발,면역항암제 개발(유한양행 계열)
086390,유니테스트,반도체,테스트·검사 장비,메모리 테스터·번인테스터
160980,싸이맥스,반도체,전공정 장비,웨이퍼 이송장비(EFEM·진공 TM)
005950,이수화학,화학·정유,석유화학·소재,알킬벤젠(LAB)·노말파라핀
044450,KSS해운,운송,해운,가스선(LPG·암모니아) 해운
012210,삼미금속,조선,선박엔진,선박엔진·발전기용 단조부품·원전 터빈블레이드
042370,비츠로테크,전력·에너지,전력기기,진공차단기·배전기기·핵융합/발사체 부품
203650,드림시큐리티,인터넷·SW,보안,PKI·인증 보안솔루션
389500,에스비비테크,로봇·기계,로봇부품,로봇 감속기·정밀 베어링
105840,우진,전력·에너지,원전,원전 계측기(노내 중성자 계측)·산업 계측
024840,KBI메탈,전력·에너지,전선·케이블,전선용 동선·변압기 코어·모터
004310,현대약품,바이오,제약,전문·일반의약품(타코실·마이녹실)
091580,상신이디피,2차전지,배터리 소재·부품,2차전지 캔(원통형·각형)
098070,한텍,로봇·기계,건설·산업기계,열교환기·반응기 등 화공기기·저장탱크
314130,지놈앤컴퍼니,바이오,신약개발,마이크로바이옴·항체 신약 개발
094360,칩스앤미디어,반도체,시스템반도체·팹리스,비디오 코덱·NPU 반도체 IP 라이선스
294570,쿠콘,인터넷·SW,핀테크·결제,금융 데이터·결제 API
032580,피델릭스,반도체,메모리,저전력 DRAM·NOR 플래시 메모리 팹리스
010580,에스엠벡셀,자동차,자동차부품·타이어,워터펌프·오일펌프 등 엔진부품(SM 계열)
068930,디지털대성,엔터·미디어,광고·콘텐츠,온라인 교육(대성마이맥)
354320,알멕,2차전지,배터리 소재·부품,전기차 배터리팩·차체용 알루미늄 압출재
452280,한선엔지니어링,조선,조선기자재,계장용 피팅·밸브(조선·반도체·플랜트)
112290,와이씨켐,반도체,반도체 소재,포토레지스트·린스액·유리기판용 소재
493280,아이엠바이오로직스,바이오,플랫폼·기술수출,자가면역 이중항체(OX40L/TNF) 기술수출
439960,코스모로보틱스,로봇·기계,로봇·자동화,재활용 웨어러블 로봇(의료기기)
115450,HLB테라퓨틱스,바이오,HLB그룹,안구건조증 신약(RGN-259)(HLB 계열)
036710,심텍홀딩스,IT하드웨어,반도체기판·PCB,심텍 지주(반도체 PCB)
005010,휴스틸,철강·비철,강관,배관·구조·유정용 강관
053690,한미글로벌,건설,건설사,건설사업관리(CM)·설계 감리
085910,네오티스,로봇·기계,건설·산업기계,PCB 드릴용 마이크로비트·정밀 샤프트
025560,미래산업,반도체,테스트·검사 장비,테스트 핸들러·칩마운터
416180,신성에스티,2차전지,배터리 소재·부품,배터리 버스바·모듈 보호부품
256840,한국비엔씨,바이오,미용의료,히알루론산 필러·생체재료
382900,범한퓨얼셀,전력·에너지,ESS·연료전지,잠수함용·건물용 연료전지·수소충전소
077500,유니퀘스트,반도체,시스템반도체·팹리스,시스템반도체(FPGA 등) 유통·설계 지원
0161M0,네오사피엔스,인터넷·SW,AI소프트웨어,AI 음성합성(타입캐스트)
0010S0,와이즈플래닛컴퍼니,소비재·유통,가전·생활용품,샤워기 필터·수전·매트리스 온라인 판매
125020,티씨머티리얼즈,전력·에너지,전선·케이블,에나멜 동선·초고압 케이블
045390,대아티아이,건설,건자재·인프라,철도 신호제어 시스템
078150,HB테크놀러지,IT하드웨어,디스플레이·LED,디스플레이·2차전지 검사장비
394800,쓰리빌리언,바이오,의료기기·진단,AI 유전체 분석 희귀질환 진단
340450,지씨지놈,바이오,의료기기·진단,"임상유전체 분석(NIPT·암 진단, GC 계열)"
462860,더즌,인터넷·SW,핀테크·결제,B2B 디지털뱅킹(펌뱅킹) 솔루션
126730,코칩,IT하드웨어,MLCC·수동부품,소형·초소형 슈퍼커패시터
382800,지앤비에스 에코,반도체,전공정 장비,공정 스크러버·배기 환경설비
123330,제닉,화장품,화장품 ODM,하이드로겔 마스크팩 ODM
388050,지투파워,전력·에너지,전력기기,수배전반·태양광 인버터
005160,동국산업,철강·비철,철강,냉연강판 가공·철구조물
417030,니어스랩,방산·우주,방산 부품·드론,AI 자율비행 드론·대드론 요격
290690,아리바이오홀딩스,바이오,신약개발,치매 신약 AR1001(아리바이오 흡수합병 추진)·조명
163730,핑거,인터넷·SW,핀테크·결제,금융 플랫폼 구축·핀테크 솔루션
024060,흥구석유,화학·정유,정유·자원,석유제품 유통
046120,오르비텍,전력·에너지,원전,원전 방사선 안전관리·해체 + 항공기 부품
355150,코스텍시스,반도체,시스템반도체·팹리스,RF·전력반도체(SiC)용 패키지·방열 스페이서
263860,지니언스,인터넷·SW,보안,네트워크 접근제어(NAC)·EDR
039860,나노엔텍,바이오,의료기기·진단,세포계수기·바이오 소모품·현장진단
274090,켄코아에어로스페이스,방산·우주,우주·항공,항공기 부품·우주발사체 부품
255220,SG,건설,건자재·인프라,아스콘·레미콘·재생 아스콘
067290,JW신약,바이오,제약,전문의약품·탈모 치료제(JW 계열)
149950,아바텍,IT하드웨어,디스플레이·LED,디스플레이 유리 슬리밍·박막코팅·MLCC
032940,원익,반도체,반도체 부품,석영유리 가공·의료기기·조명(원익 계열)
052260,현대바이오랜드,화장품,화장품 유통·소재,화장품·건강기능식품 원료(현대백화점 계열)
267320,나인테크,2차전지,2차전지 장비,노칭·라미네이션 등 2차전지 제조장비
051370,인터플렉스,IT하드웨어,모바일·카메라부품,스마트폰 연성회로기판(FPCB)
478340,나라스페이스테크놀로지,방산·우주,우주·항공,초소형 인공위성·위성데이터
488280,에스투더블유,인터넷·SW,보안,사이버위협 인텔리전스·보안 빅데이터 AI
051160,지어소프트,소비재·유통,유통,오아시스마켓(신선식품 이커머스) 모회사
0039P0,매드업,엔터·미디어,광고·콘텐츠,AI 기반 디지털 광고대행
388790,라이콤,통신,광통신,광증폭기·광송수신기
008970,KBI동양철관,철강·비철,강관,수도·가스용 도복장 강관
053260,금강철강,철강·비철,철강,냉연강판·강판 가공
387690,레메디,바이오,의료기기·진단,휴대용 엑스레이 촬영장치
413630,씨피시스템,로봇·기계,로봇부품,케이블체인(로봇·자동화 설비용)
950250,테라뷰,반도체,테스트·검사 장비,테라헤르츠 반도체 패키지·배터리 검사장비(영국)
0007C0,아크릴,인터넷·SW,AI소프트웨어,AI 플랫폼(조나단)·의료 AI
452190,한빛레이저,2차전지,2차전지 장비,레이저 용접·마킹 장비·충방전기
102120,어보브반도체,반도체,시스템반도체·팹리스,가전용 MCU 팹리스
396300,HT로보틱스,전력·에너지,ESS·연료전지,ESS·EV용 알루미늄 다이캐스팅·로봇부품(구 세아메카닉스)
014280,금강공업,건설,건자재·인프라,강관·알루미늄 거푸집·모듈러
059120,아진엑스텍,로봇·기계,로봇부품,모션제어칩·로봇 제어기
0015N0,아로마티카,화장품,화장품 브랜드,천연·비건 화장품 브랜드
265740,엔에프씨,화장품,화장품 유통·소재,화장품 원료 제조
0088M0,메쥬,바이오,의료기기·진단,웨어러블 패치형 심전도 모니터
047770,코데즈컴바인,소비재·유통,의류,여성 캐주얼 의류
054920,한컴위드,인터넷·SW,보안,PKI·인증 보안 솔루션(한컴 계열)
158430,아톤,인터넷·SW,핀테크·결제,모바일 금융보안·인증(mOTP)
115500,케이씨에스,인터넷·SW,IT서비스,시스템통합(SI)·컴퓨터 주변기기
115440,우리넷,통신,광통신,광전송장비(PTN)·유선 통신장비
003010,혜인,로봇·기계,건설·산업기계,캐터필러 건설기계·발전기·엔진 판매
092220,KEC,반도체,시스템반도체·팹리스,트랜지스터·전력반도체 개별소자
042510,라온시큐어,인터넷·SW,보안,모바일 보안·생체인증·디지털 신원
072950,빛샘전자,IT하드웨어,디스플레이·LED,LED 전광판 부품·광선로 자재
321370,센서뷰,통신,통신장비,RF 케이블·커넥터(5G·mmWave)
001210,금호전기,IT하드웨어,디스플레이·LED,LED 조명·램프
079650,서산,건설,건자재·인프라,레미콘·콘크리트 파일·흄관
153890,져스텍,로봇·기계,로봇부품,리니어모터·정밀 모션시스템(장비용)
338220,뷰노,바이오,의료기기·진단,의료 AI(심정지 예측·영상판독)
201490,미투온,인터넷·SW,게임,소셜카지노 게임
009580,무림P&P,화학·정유,석유화학·소재,표백화학펄프·인쇄용지·목재
012200,계양전기,로봇·기계,건설·산업기계,전동공구·자동차용 모터(해성 계열)
0011A0,액스비스,2차전지,2차전지 장비,고출력 레이저 용접 시스템(배터리·모터)
419050,삼기에너지솔루션즈,2차전지,배터리 소재·부품,배터리 모듈 엔드플레이트
439580,블루엠텍,바이오,제약,전문의약품 온라인 유통 플랫폼
209640,와이제이링크,로봇·기계,로봇·자동화,SMT 라인 자동화(PCB 이송·추적) 장비
261780,아리바이오랩,바이오,신약개발,백신·면역증강제 개발(아리바이오 계열)
